image;annotation_class;candidate_plate_type;human_plate_type;russian_plate;two_line_physical_plate;visible_face;quality_notes;review_status
train/images/-2026-02-10-121644_png.rf.d77ae4f5a7eb6bffcf6346243063f046.jpg;license-plate;type1a_candidate;;;;;image 1490x1117 | 1 box(es), largest 284x181px, aspect 1.57, 3.09% of frame | flags: square_or_two_line_candidate;pending
train/images/-2026-02-10-121731_png.rf.b509e798d90a5a04508021eb6a45bf48.jpg;license-plate;type1a_candidate;;;;;image 1908x1071 | 1 box(es), largest 270x155px, aspect 1.74, 2.05% of frame | flags: square_or_two_line_candidate;pending
train/images/-2026-02-10-121744_png.rf.1e987d29c51513f4f4bfad084f9f8747.jpg;license-plate;type1a_candidate;;;;;image 1270x951 | 1 box(es), largest 145x98px, aspect 1.47, 1.18% of frame | flags: square_or_two_line_candidate;pending
train/images/-2026-02-10-121817_png.rf.029cef19a58b20bb4ed6b0d6ff853ad1.jpg;license-plate;type1a_candidate;;;;;image 949x713 | 1 box(es), largest 127x73px, aspect 1.75, 1.37% of frame | flags: square_or_two_line_candidate;pending
train/images/-2026-02-10-121837_png.rf.2314826f615f8abc5f383f273760b89d.jpg;license-plate;type1a_candidate;;;;;image 1896x1371 | 1 box(es), largest 409x268px, aspect 1.53, 4.21% of frame | flags: square_or_two_line_candidate;pending
train/images/-2026-02-10-121905_png.rf.3852af89467f88f6b462fe191f3d66ed.jpg;license-plate;type1a_candidate;;;;;image 1061x1305 | 1 box(es), largest 166x101px, aspect 1.64, 1.22% of frame | flags: square_or_two_line_candidate;pending
train/images/-2026-02-10-121919_png.rf.693e16f32e557e43ac32ca5d51b36091.jpg;license-plate;type1a_candidate;;;;;image 1275x711 | 1 box(es), largest 348x399px, aspect 0.87, 15.30% of frame | flags: square_or_two_line_candidate;pending
train/images/-2026-02-10-122119_png.rf.dbe4cfbee7244c4b101666089b8689fb.jpg;license-plate;type1a_candidate;;;;;image 932x705 | 1 box(es), largest 134x85px, aspect 1.57, 1.74% of frame | flags: square_or_two_line_candidate;pending
train/images/-2026-02-10-122141_png.rf.bc6a4cdcab9e3123013eda9745c2aa07.jpg;license-plate;type1a_candidate;;;;;image 1907x1356 | 1 box(es), largest 314x176px, aspect 1.78, 2.14% of frame | flags: square_or_two_line_candidate;pending
train/images/-2026-02-10-122153_png.rf.404cc01e34f1d3d82648433e0211e7ee.jpg;license-plate;type1a_candidate;;;;;image 950x1265 | 1 box(es), largest 190x115px, aspect 1.65, 1.82% of frame | flags: square_or_two_line_candidate;pending
train/images/-2026-02-10-122229_png.rf.27e567be67d90d303cb23442b47627c3.jpg;license-plate;type1a_candidate;;;;;image 1907x1065 | 1 box(es), largest 266x156px, aspect 1.71, 2.04% of frame | flags: square_or_two_line_candidate;pending
train/images/-2026-02-10-122403_png.rf.93b87c1fb1f8767edec47653c27a2c5c.jpg;license-plate;type1a_candidate;;;;;image 948x705 | 1 box(es), largest 179x123px, aspect 1.45, 3.30% of frame | flags: square_or_two_line_candidate;pending
train/images/-2026-02-10-122420_png.rf.dd2dfc46fd84fef7114c415654b9345b.jpg;license-plate;type1a_candidate;;;;;image 944x725 | 1 box(es), largest 156x95px, aspect 1.65, 2.16% of frame | flags: square_or_two_line_candidate;pending
train/images/-2026-02-10-122718_png.rf.2a330e8f28c2390facf6f6253548e594.jpg;license-plate;type1a_candidate;;;;;image 952x519 | 1 box(es), largest 297x170px, aspect 1.75, 10.19% of frame | flags: square_or_two_line_candidate;pending
train/images/-2026-02-10-122810_png.rf.882f1538304c338b686f3d7f2fbb8c5d.jpg;license-plate;type1a_candidate;;;;;image 469x623 | 1 box(es), largest 144x81px, aspect 1.78, 3.96% of frame | flags: square_or_two_line_candidate;pending
train/images/-2026-02-10-123118_png.rf.c9590769a44466de5973e8597ab02ba8.jpg;license-plate;type1a_candidate;;;;;image 754x454 | 1 box(es), largest 62x40px, aspect 1.55, 0.73% of frame | flags: square_or_two_line_candidate, small_plate;pending
train/images/-2026-02-10-123143_png.rf.68869eda1410d03b150b1ef06d684f7f.jpg;license-plate;type1a_candidate;;;;;image 747x507 | 1 box(es), largest 57x37px, aspect 1.54, 0.56% of frame | flags: square_or_two_line_candidate, small_plate;pending
train/images/-2026-02-10-123154_png.rf.4db6acbcfc462c90a4b1e00ce11e13c1.jpg;license-plate;type1a_candidate;;;;;image 755x366 | 1 box(es), largest 57x42px, aspect 1.35, 0.87% of frame | flags: square_or_two_line_candidate, small_plate;pending
train/images/-2026-02-10-123229_png.rf.2b24572e61aecf9004ba9373ff9dd335.jpg;license-plate;type1a_candidate;;;;;image 760x422 | 1 box(es), largest 62x56px, aspect 1.11, 1.08% of frame | flags: square_or_two_line_candidate, small_plate;pending
train/images/-2026-02-10-123244_png.rf.eb274a9ee13d5a0742873eeec72b7672.jpg;license-plate;type1a_candidate;;;;;image 760x302 | 1 box(es), largest 107x58px, aspect 1.85, 2.69% of frame | flags: square_or_two_line_candidate;pending
train/images/-2026-02-10-123302_png.rf.83853d6a3a55c7fc2ed71443c61b09cb.jpg;license-plate;type1a_candidate;;;;;image 755x445 | 1 box(es), largest 48x40px, aspect 1.20, 0.57% of frame | flags: square_or_two_line_candidate, small_plate;pending
train/images/-2026-02-10-123321_png.rf.d8b37ddc9dee24fedaefe42b5094b795.jpg;license-plate;type1a_candidate;;;;;image 499x313 | 1 box(es), largest 91x54px, aspect 1.67, 3.17% of frame | flags: square_or_two_line_candidate;pending
train/images/-2026-02-10-123336_png.rf.579e97b5865d38f26e7e339c95d8c909.jpg;license-plate;type1a_candidate;;;;;image 760x387 | 1 box(es), largest 123x85px, aspect 1.44, 3.55% of frame | flags: square_or_two_line_candidate;pending
train/images/-2026-02-10-123432_png.rf.91d227d835c54460e5b0e42fec8dc841.jpg;license-plate;type1a_candidate;;;;;image 754x720 | 1 box(es), largest 133x79px, aspect 1.69, 1.93% of frame | flags: square_or_two_line_candidate;pending
train/images/-2026-02-10-123441_png.rf.8f714aeace492d819e85328ae379c388.jpg;license-plate;type1a_candidate;;;;;image 755x718 | 1 box(es), largest 145x86px, aspect 1.68, 2.30% of frame | flags: square_or_two_line_candidate;pending
train/images/-2026-02-10-123505_png.rf.87275793bad7620e6efe94168b00867f.jpg;license-plate;type1a_candidate;;;;;image 509x372 | 1 box(es), largest 138x79px, aspect 1.75, 5.71% of frame | flags: square_or_two_line_candidate;pending
train/images/-2026-02-10-123521_png.rf.09f2b724dee0f81d0db689e3ea382e7e.jpg;license-plate;type1a_candidate;;;;;image 764x540 | 1 box(es), largest 92x70px, aspect 1.31, 1.56% of frame | flags: square_or_two_line_candidate;pending
