candidate_id;staged_image;original_filename;original_url;file_page_url;creator;license;license_url;attribution;acquired_at;sha256;bytes;width;height;source_group;plate_class_expected;status;notes
cw197324272;images/real/wikimedia_commons_curated/wcc_0001.jpg;Moscow_-_2026_-_Taxi_at_Rechnikov_Street.jpg;https://upload.wikimedia.org/wikipedia/commons/d/d4/Moscow_-_2026_-_Taxi_at_Rechnikov_Street.jpg?utm_source=commons.wikimedia.org&utm_campaign=imageinfo&utm_content=original;https://commons.wikimedia.org/wiki/File:Moscow_-_2026_-_Taxi_at_Rechnikov_Street.jpg;Юрий Д.К.;CC BY 4.0;https://creativecommons.org/licenses/by/4.0;Юрий Д.К.;2026-09-22T18:26:43+00:00;cbeb7af1d1d482594b111cc38d1ac50ea8adaa79207ea1b568538ac49cfd11dd;12879706;6432;4112;commons:unknown:2026-Jun-06;CONFIRMED_TYPE1;ACQUIRED;
cw193336412;images/real/wikimedia_commons_curated/wcc_0002.jpg;Moscow_-_2026_-_Taxi_on_Sofiyskaya_embankment.jpg;https://upload.wikimedia.org/wikipedia/commons/9/98/Moscow_-_2026_-_Taxi_on_Sofiyskaya_embankment.jpg?utm_source=commons.wikimedia.org&utm_campaign=imageinfo&utm_content=original;https://commons.wikimedia.org/wiki/File:Moscow_-_2026_-_Taxi_on_Sofiyskaya_embankment.jpg;Юрий Д.К.;CC BY 4.0;https://creativecommons.org/licenses/by/4.0;Юрий Д.К.;2026-09-22T18:26:45+00:00;9cc8d7415c0ea2e3f2b1553c2b483d2c179b392fc83a76b6b319a60e8acc26eb;13365663;5520;4192;commons:unknown:2026-May-23;CONFIRMED_TYPE1;ACQUIRED;
cw186247945;images/real/wikimedia_commons_curated/wcc_0003.jpg;Moscow,_Beijing_X7_taxi,_Mar_2026_01.jpg;https://upload.wikimedia.org/wikipedia/commons/3/3e/Moscow%2C_Beijing_X7_taxi%2C_Mar_2026_01.jpg?utm_source=commons.wikimedia.org&utm_campaign=imageinfo&utm_content=original;https://commons.wikimedia.org/wiki/File:Moscow,_Beijing_X7_taxi,_Mar_2026_01.jpg;Retired electrician;CC0;http://creativecommons.org/publicdomain/zero/1.0/deed.en;Retired electrician;2026-09-22T18:26:47+00:00;655d3db87819530f8f8b92382118bca29ae632633b6255819206d54a02577f1c;1821878;3600;2400;commons:retired-electrician:2026-03-15;CONFIRMED_TYPE1;ACQUIRED;
cw170754410;images/real/wikimedia_commons_curated/wcc_0004.jpg;Moscow,_Bestune_T77_as_taxi,_July_2025_01.jpg;https://upload.wikimedia.org/wikipedia/commons/8/84/Moscow%2C_Bestune_T77_as_taxi%2C_July_2025_01.jpg?utm_source=commons.wikimedia.org&utm_campaign=imageinfo&utm_content=original;https://commons.wikimedia.org/wiki/File:Moscow,_Bestune_T77_as_taxi,_July_2025_01.jpg;Retired electrician;CC0;http://creativecommons.org/publicdomain/zero/1.0/deed.en;Retired electrician;2026-09-22T18:26:48+00:00;f5b426e78613808cb94f881c422d6cc6b77e0b8f6a5be0d5aca40ef1b978dde7;4037670;4627;3085;commons:retired-electrician:2025-07-26;CONFIRMED_TYPE1;ACQUIRED;
cw170259118;images/real/wikimedia_commons_curated/wcc_0005.jpg;Moscow,_Chery_Tiggo_4_taxi,_July_2025_01.jpg;https://upload.wikimedia.org/wikipedia/commons/a/a7/Moscow%2C_Chery_Tiggo_4_taxi%2C_July_2025_01.jpg?utm_source=commons.wikimedia.org&utm_campaign=imageinfo&utm_content=original;https://commons.wikimedia.org/wiki/File:Moscow,_Chery_Tiggo_4_taxi,_July_2025_01.jpg;Retired electrician;CC0;http://creativecommons.org/publicdomain/zero/1.0/deed.en;Retired electrician;2026-09-22T18:26:49+00:00;aa6459e85487df5acfa178aacef9b1a8a9a81152a5ed4794e4501e990458a8c7;2336001;3790;2656;commons:retired-electrician:2025-07-17;CONFIRMED_TYPE1B;ACQUIRED;
cw192677850;images/real/wikimedia_commons_curated/wcc_0006.jpg;Moscow,_Haval_Jolion_taxi,_May_2026_01.jpg;https://upload.wikimedia.org/wikipedia/commons/f/fe/Moscow%2C_Haval_Jolion_taxi%2C_May_2026_01.jpg?utm_source=commons.wikimedia.org&utm_campaign=imageinfo&utm_content=original;https://commons.wikimedia.org/wiki/File:Moscow,_Haval_Jolion_taxi,_May_2026_01.jpg;Retired electrician;CC0;http://creativecommons.org/publicdomain/zero/1.0/deed.en;Retired electrician;2026-09-22T18:26:51+00:00;743e91f2ada54738cb57841c5d047676ab0ca94cc102ba2a779fbf6d7422b333;2959190;3848;2566;commons:retired-electrician:2026-05-16;CONFIRMED_TYPE1;ACQUIRED;
cw175766043;images/real/wikimedia_commons_curated/wcc_0007.jpg;Moscow,_Hyundai_Solaris_taxi,_Sept_2025_04.jpg;https://upload.wikimedia.org/wikipedia/commons/d/d8/Moscow%2C_Hyundai_Solaris_taxi%2C_Sept_2025_04.jpg?utm_source=commons.wikimedia.org&utm_campaign=imageinfo&utm_content=original;https://commons.wikimedia.org/wiki/File:Moscow,_Hyundai_Solaris_taxi,_Sept_2025_04.jpg;Retired electrician;CC0;http://creativecommons.org/publicdomain/zero/1.0/deed.en;Retired electrician;2026-09-22T18:26:52+00:00;1a45280018b4a63ae5bb66a8cbe4e792603c372b8a2a3090b9e87ae60aff8ae9;2278022;3600;2401;commons:retired-electrician:2025-09-11;CONFIRMED_TYPE1;ACQUIRED;
cw175246351;images/real/wikimedia_commons_curated/wcc_0008.jpg;Moscow,_Kaiyi_E5_taxi,_Sept_2025_01.jpg;https://upload.wikimedia.org/wikipedia/commons/e/ec/Moscow%2C_Kaiyi_E5_taxi%2C_Sept_2025_01.jpg?utm_source=commons.wikimedia.org&utm_campaign=imageinfo&utm_content=original;https://commons.wikimedia.org/wiki/File:Moscow,_Kaiyi_E5_taxi,_Sept_2025_01.jpg;Retired electrician;CC0;http://creativecommons.org/publicdomain/zero/1.0/deed.en;Retired electrician;2026-09-22T18:26:53+00:00;81e8e9f90268d38b0dabae02526cca0054cd000e65af7f7fd74a3cc0ded3bd5e;2956357;3600;2401;commons:retired-electrician:2025-09-16;CONFIRMED_TYPE1;ACQUIRED;
cw173743249;images/real/wikimedia_commons_curated/wcc_0009.jpg;Moscow,_Kia_K5_taxi,_2022-05-15.jpg;https://upload.wikimedia.org/wikipedia/commons/b/b5/Moscow%2C_Kia_K5_taxi%2C_2022-05-15.jpg?utm_source=commons.wikimedia.org&utm_campaign=imageinfo&utm_content=original;https://commons.wikimedia.org/wiki/File:Moscow,_Kia_K5_taxi,_2022-05-15.jpg;Retired electrician;CC0;http://creativecommons.org/publicdomain/zero/1.0/deed.en;Retired electrician;2026-09-22T18:26:54+00:00;4d22e5d8ba0726563c7b236009aed8af802132970ce15200244e385230d968ee;928776;1967;1311;commons:retired-electrician:2022-05-15;CONFIRMED_TYPE1B;ACQUIRED;
cw192687618;images/real/wikimedia_commons_curated/wcc_0010.jpg;Moscow,_Kia_K5_taxi,_May_2026_01.jpg;https://upload.wikimedia.org/wikipedia/commons/f/fd/Moscow%2C_Kia_K5_taxi%2C_May_2026_01.jpg?utm_source=commons.wikimedia.org&utm_campaign=imageinfo&utm_content=original;https://commons.wikimedia.org/wiki/File:Moscow,_Kia_K5_taxi,_May_2026_01.jpg;Retired electrician;CC0;http://creativecommons.org/publicdomain/zero/1.0/deed.en;Retired electrician;2026-09-22T18:26:56+00:00;3b1385fc4100bea4d8597a420dc41a50c060c5d33d1d7a57a1816af2cc867749;3760947;4732;2662;commons:retired-electrician:2026-05-16;CONFIRMED_TYPE1B;ACQUIRED;
cw169321860;images/real/wikimedia_commons_curated/wcc_0011.jpg;Moscow,_Moskvich_3_taxi,_July_2025_01.jpg;https://upload.wikimedia.org/wikipedia/commons/f/f7/Moscow%2C_Moskvich_3_taxi%2C_July_2025_01.jpg?utm_source=commons.wikimedia.org&utm_campaign=imageinfo&utm_content=original;https://commons.wikimedia.org/wiki/File:Moscow,_Moskvich_3_taxi,_July_2025_01.jpg;Retired electrician;CC0;http://creativecommons.org/publicdomain/zero/1.0/deed.en;Retired electrician;2026-09-22T18:27:03+00:00;af25b139e5922d9cc76c35ea554f886d2b059ed18620a24ee1567b44cb74e0ee;2122820;4408;2939;commons:retired-electrician:2025-07-05;CONFIRMED_TYPE1B;ACQUIRED;
cw164160628;images/real/wikimedia_commons_curated/wcc_0012.jpg;Moscow,_Taganka,_cars_April_2025_11.jpg;https://upload.wikimedia.org/wikipedia/commons/e/e3/Moscow%2C_Taganka%2C_cars_April_2025_11.jpg?utm_source=commons.wikimedia.org&utm_campaign=imageinfo&utm_content=original;https://commons.wikimedia.org/wiki/File:Moscow,_Taganka,_cars_April_2025_11.jpg;Retired electrician;CC0;http://creativecommons.org/publicdomain/zero/1.0/deed.en;Retired electrician;2026-09-22T18:27:16+00:00;1aefefb85d91ce7235865005d5a4f3ec19cf86ab7093794713248872a1672c9d;2360774;4227;2818;commons:retired-electrician:2025-04-24;CONFIRMED_TYPE1;ACQUIRED;
cw175667883;images/real/wikimedia_commons_curated/wcc_0013.jpg;Moscow,_Teterinsky_12_inner_driveway,_Chery_Tiggo_7_taxi,_Sept_2025_01.jpg;https://upload.wikimedia.org/wikipedia/commons/3/3c/Moscow%2C_Teterinsky_12_inner_driveway%2C_Chery_Tiggo_7_taxi%2C_Sept_2025_01.jpg?utm_source=commons.wikimedia.org&utm_campaign=imageinfo&utm_content=original;https://commons.wikimedia.org/wiki/File:Moscow,_Teterinsky_12_inner_driveway,_Chery_Tiggo_7_taxi,_Sept_2025_01.jpg;Retired electrician;CC0;http://creativecommons.org/publicdomain/zero/1.0/deed.en;Retired electrician;2026-09-22T18:27:20+00:00;093d17557e051847484c1316d83fc0b4647f205c418a3aeb88a5e5c1883c7971;2200016;3600;2401;commons:retired-electrician:2025-09-11;CONFIRMED_TYPE1;ACQUIRED;
cw170819456;images/real/wikimedia_commons_curated/wcc_0014.jpg;Moscow,_Volkswagen_Jetta_(A7)_taxi,_July_2025_01.jpg;https://upload.wikimedia.org/wikipedia/commons/2/23/Moscow%2C_Volkswagen_Jetta_%28A7%29_taxi%2C_July_2025_01.jpg?utm_source=commons.wikimedia.org&utm_campaign=imageinfo&utm_content=original;https://commons.wikimedia.org/wiki/File:Moscow,_Volkswagen_Jetta_(A7)_taxi,_July_2025_01.jpg;Retired electrician;CC0;http://creativecommons.org/publicdomain/zero/1.0/deed.en;Retired electrician;2026-09-22T18:27:34+00:00;b0f7ec969fca44acd09706b5d95dc50b531db55e3e5e7a91f252db4688b147de;2409538;4471;3353;commons:retired-electrician:2025-07-27;CONFIRMED_TYPE1;ACQUIRED;
cw149837604;images/real/wikimedia_commons_curated/wcc_0015.jpg;PAZ_Vector_Next_at_the_Bryansk-2_stop.jpg;https://upload.wikimedia.org/wikipedia/commons/4/47/PAZ_Vector_Next_at_the_Bryansk-2_stop.jpg?utm_source=commons.wikimedia.org&utm_campaign=imageinfo&utm_content=original;https://commons.wikimedia.org/wiki/File:PAZ_Vector_Next_at_the_Bryansk-2_stop.jpg;Андрей Осиновский;CC0;http://creativecommons.org/publicdomain/zero/1.0/deed.en;Андрей Осиновский;2026-09-22T18:27:35+00:00;2b3351e191d73fd9a174d6ee1621c964b9b58b3d031a56c8ddd0b0b021559fab;192241;1280;833;commons:unknown:2024-06-30;CONFIRMED_TYPE1B;ACQUIRED;
cw151242756;images/real/wikimedia_commons_curated/wcc_0016.jpg;Sevan_street_2021-09_1631382188.JPG;https://upload.wikimedia.org/wikipedia/commons/3/3f/Sevan_street_2021-09_1631382188.JPG?utm_source=commons.wikimedia.org&utm_campaign=imageinfo&utm_content=original;https://commons.wikimedia.org/wiki/File:Sevan_street_2021-09_1631382188.JPG;Artyom Svetlov;CC BY 4.0;https://creativecommons.org/licenses/by/4.0;Artem Svetlov;2026-09-22T18:27:48+00:00;ac0a65da1fcbc8610944490d91a0914cf6e4e417a803c99ec2dca4de8932f834;3146460;4608;3072;commons:artyom-svetlov:2021-Sep-11;CONFIRMED_TYPE1B;ACQUIRED;
cw177335551;images/real/wikimedia_commons_curated/wcc_0017.jpg;КАвЗ-4270.82._Якутский_автобус._Якутск_13.09.2025.jpg;https://upload.wikimedia.org/wikipedia/commons/a/a4/%D0%9A%D0%90%D0%B2%D0%97-4270.82._%D0%AF%D0%BA%D1%83%D1%82%D1%81%D0%BA%D0%B8%D0%B9_%D0%B0%D0%B2%D1%82%D0%BE%D0%B1%D1%83%D1%81._%D0%AF%D0%BA%D1%83%D1%82%D1%81%D0%BA_13.09.2025.jpg?utm_source=commons.wikimedia.org&utm_campaign=imageinfo&utm_content=original;https://commons.wikimedia.org/wiki/File:%D0%9A%D0%90%D0%B2%D0%97-4270.82._%D0%AF%D0%BA%D1%83%D1%82%D1%81%D0%BA%D0%B8%D0%B9_%D0%B0%D0%B2%D1%82%D0%BE%D0%B1%D1%83%D1%81._%D0%AF%D0%BA%D1%83%D1%82%D1%81%D0%BA_13.09.2025.jpg;SmallSonMarex;CC0;http://creativecommons.org/publicdomain/zero/1.0/deed.en;SmallSonMarex;2026-09-22T18:28:12+00:00;301c0346cbdeac952c82107c9dd4425eaabffa26db1dec5095af7ddcaf2afd4e;3984134;3264;2448;commons:smallsonmarex:2025-09-13;CONFIRMED_TYPE1B;ACQUIRED;
cw89232390;images/real/wikimedia_commons_curated/wcc_0018.jpg;Осмотр_автобусного_парка_РМАТП-5_комиссией_Городской_думы_Ростова-на-Дону_DSC_6579.jpg;https://upload.wikimedia.org/wikipedia/commons/6/60/%D0%9E%D1%81%D0%BC%D0%BE%D1%82%D1%80_%D0%B0%D0%B2%D1%82%D0%BE%D0%B1%D1%83%D1%81%D0%BD%D0%BE%D0%B3%D0%BE_%D0%BF%D0%B0%D1%80%D0%BA%D0%B0_%D0%A0%D0%9C%D0%90%D0%A2%D0%9F-5_%D0%BA%D0%BE%D0%BC%D0%B8%D1%81%D1%81%D0%B8%D0%B5%D0%B9_%D0%93%D0%BE%D1%80%D0%BE%D0%B4%D1%81%D0%BA%D0%BE%D0%B9_%D0%B4%D1%83%D0%BC%D1%8B_%D0%A0%D0%BE%D1%81%D1%82%D0%BE%D0%B2%D0%B0-%D0%BD%D0%B0-%D0%94%D0%BE%D0%BD%D1%83_DSC_6579.jpg?utm_source=commons.wikimedia.org&utm_campaign=imageinfo&utm_content=original;https://commons.wikimedia.org/wiki/File:%D0%9E%D1%81%D0%BC%D0%BE%D1%82%D1%80_%D0%B0%D0%B2%D1%82%D0%BE%D0%B1%D1%83%D1%81%D0%BD%D0%BE%D0%B3%D0%BE_%D0%BF%D0%B0%D1%80%D0%BA%D0%B0_%D0%A0%D0%9C%D0%90%D0%A2%D0%9F-5_%D0%BA%D0%BE%D0%BC%D0%B8%D1%81%D1%81%D0%B8%D0%B5%D0%B9_%D0%93%D0%BE%D1%80%D0%BE%D0%B4%D1%81%D0%BA%D0%BE%D0%B9_%D0%B4%D1%83%D0%BC%D1%8B_%D0%A0%D0%BE%D1%81%D1%82%D0%BE%D0%B2%D0%B0-%D0%BD%D0%B0-%D0%94%D0%BE%D0%BD%D1%83_DSC_6579.jpg;Администрация Ростова-на-Дону.;CC BY 4.0;https://creativecommons.org/licenses/by/4.0;Rostov-gorod.ru;2026-09-22T18:28:13+00:00;ecffaa51fac2fba5e1ccfac5cf3b2338043122646338b4cc39f3b8f62d39edde;344845;1024;682;commons:unknown:2019-09-23;CONFIRMED_TYPE1B;ACQUIRED;
cw177302896;images/real/wikimedia_commons_curated/wcc_0019.jpg;ПАЗ-320414-14_Вектор,_Якутский_автобус,_Якутск_12.10.2025.jpg;https://upload.wikimedia.org/wikipedia/commons/c/c4/%D0%9F%D0%90%D0%97-320414-14_%D0%92%D0%B5%D0%BA%D1%82%D0%BE%D1%80%2C_%D0%AF%D0%BA%D1%83%D1%82%D1%81%D0%BA%D0%B8%D0%B9_%D0%B0%D0%B2%D1%82%D0%BE%D0%B1%D1%83%D1%81%2C_%D0%AF%D0%BA%D1%83%D1%82%D1%81%D0%BA_12.10.2025.jpg?utm_source=commons.wikimedia.org&utm_campaign=imageinfo&utm_content=original;https://commons.wikimedia.org/wiki/File:%D0%9F%D0%90%D0%97-320414-14_%D0%92%D0%B5%D0%BA%D1%82%D0%BE%D1%80,_%D0%AF%D0%BA%D1%83%D1%82%D1%81%D0%BA%D0%B8%D0%B9_%D0%B0%D0%B2%D1%82%D0%BE%D0%B1%D1%83%D1%81,_%D0%AF%D0%BA%D1%83%D1%82%D1%81%D0%BA_12.10.2025.jpg;SmallSonMarex;CC0;http://creativecommons.org/publicdomain/zero/1.0/deed.en;SmallSonMarex;2026-09-22T18:28:15+00:00;074e80473fc6b4018da957bad77935608e0c700339e9ee4995275ef98512748a;2756488;3064;1538;commons:smallsonmarex:2025-10-12;CONFIRMED_TYPE1B;ACQUIRED;
cw195606327;images/real/wikimedia_commons_curated/wcc_0020.jpg;ПАЗ-3205,_Якутск_11.07.2026.jpg;https://upload.wikimedia.org/wikipedia/commons/0/0a/%D0%9F%D0%90%D0%97-3205%2C_%D0%AF%D0%BA%D1%83%D1%82%D1%81%D0%BA_11.07.2026.jpg?utm_source=commons.wikimedia.org&utm_campaign=imageinfo&utm_content=original;https://commons.wikimedia.org/wiki/File:%D0%9F%D0%90%D0%97-3205,_%D0%AF%D0%BA%D1%83%D1%82%D1%81%D0%BA_11.07.2026.jpg;SmallSonMarex;CC BY 4.0;https://creativecommons.org/licenses/by/4.0;SmallSonMarex;2026-09-22T18:28:18+00:00;f23cf06d9ceb9e8b72204e342cfa8149a322e88e9ddc6d2b9f1583aa240f2da9;1225120;2919;1747;commons:smallsonmarex:2026-07-11;CONFIRMED_TYPE1B;ACQUIRED;
cw168811378;images/real/wikimedia_commons_curated/wcc_0021.jpg;Якутский_автобус_КАвЗ-4270.82.jpg;https://upload.wikimedia.org/wikipedia/commons/c/c9/%D0%AF%D0%BA%D1%83%D1%82%D1%81%D0%BA%D0%B8%D0%B9_%D0%B0%D0%B2%D1%82%D0%BE%D0%B1%D1%83%D1%81_%D0%9A%D0%90%D0%B2%D0%97-4270.82.jpg?utm_source=commons.wikimedia.org&utm_campaign=imageinfo&utm_content=original;https://commons.wikimedia.org/wiki/File:%D0%AF%D0%BA%D1%83%D1%82%D1%81%D0%BA%D0%B8%D0%B9_%D0%B0%D0%B2%D1%82%D0%BE%D0%B1%D1%83%D1%81_%D0%9A%D0%90%D0%B2%D0%97-4270.82.jpg;SmallSonMarex;CC0;http://creativecommons.org/publicdomain/zero/1.0/deed.en;SmallSonMarex;2026-09-22T18:28:19+00:00;cdd71fe90a84b25c1f6b2ef840a9ab9d67b0f3b0b32a2b0e773478831107201a;2885481;2713;1893;commons:smallsonmarex:2025-06-29;CONFIRMED_TYPE1B;ACQUIRED;
cw170906937;images/real/wikimedia_commons_curated/wcc_0022.jpg;Якутский_автобус._Лиаз_5292.67.jpg;https://upload.wikimedia.org/wikipedia/commons/8/81/%D0%AF%D0%BA%D1%83%D1%82%D1%81%D0%BA%D0%B8%D0%B9_%D0%B0%D0%B2%D1%82%D0%BE%D0%B1%D1%83%D1%81._%D0%9B%D0%B8%D0%B0%D0%B7_5292.67.jpg?utm_source=commons.wikimedia.org&utm_campaign=imageinfo&utm_content=original;https://commons.wikimedia.org/wiki/File:%D0%AF%D0%BA%D1%83%D1%82%D1%81%D0%BA%D0%B8%D0%B9_%D0%B0%D0%B2%D1%82%D0%BE%D0%B1%D1%83%D1%81._%D0%9B%D0%B8%D0%B0%D0%B7_5292.67.jpg;SmallSonMarex;CC0;http://creativecommons.org/publicdomain/zero/1.0/deed.en;SmallSonMarex;2026-09-22T18:28:22+00:00;a35dc9628d633770c4e93d34dc916ef19e3287655c8175b615c9044b9e12efaf;3920231;3264;2448;commons:smallsonmarex:2025-07-27;CONFIRMED_TYPE1B;ACQUIRED;
